
	<datainfo>
		<origin>NOAA/NOS/CO-OPS</origin>
		<disclaimer>
		Disclaimer: These data are based upon the latest information available as of the date of your request, and may differ from the published tide tables.
		</disclaimer>
	<datarange>Daily</datarange>
		<producttype>Tide Prediction</producttype>
		<stationname>DEPOE BAY</stationname>
		<state>OR</state>
		<stationid>9435827</stationid>
	
		<stationtype>Harmonic</stationtype>
		<BeginDate>20170715 04:33</BeginDate>
		<EndDate>20170716 18:28</EndDate>
		
		<dataUnits>Feet</dataUnits>
		 
	<Timezone>LST_LDT</Timezone>
	<Datum>MLLW</Datum>
	<IntervalType>High/Low</IntervalType>
	<data>
	
			<item>
				<date>2017/07/15</date>
				<day>Sat</day>
		
				<time>04:33 AM</time>
			
				<pred>6.36</pred>
			
			<highlow>H</highlow>
			
			</item>
		
			<item>
				<date>2017/07/15</date>
				<day>Sat</day>
		
				<time>10:58 AM</time>
			
				<pred>0.36</pred>
			
			<highlow>L</highlow>
			
			</item>
		
			<item>
				<date>2017/07/15</date>
				<day>Sat</day>
		
				<time>05:41 PM</time>
			
				<pred>7.33</pred>
			
			<highlow>H</highlow>
			
			</item>
		
			<item>
				<date>2017/07/15</date>
				<day>Sat</day>
		
				<time>11:57 PM</time>
			
				<pred>1.92</pred>
			
			<highlow>L</highlow>
			
			</item>
		
			<item>
				<date>2017/07/16</date>
				<day>Sun</day>
		
				<time>05:39 AM</time>
			
				<pred>5.82</pred>
			
			<highlow>H</highlow>
			
			</item>
		
			<item>
				<date>2017/07/16</date>
				<day>Sun</day>
		
				<time>11:46 AM</time>
			
				<pred>0.99</pred>
			
			<highlow>L</highlow>
			
			</item>
		
			<item>
				<date>2017/07/16</date>
				<day>Sun</day>
		
				<time>06:28 PM</time>
			
				<pred>7.58</pred>
			
			<highlow>H</highlow>
			
			</item>
		
		</data>
</datainfo>
